-- phpMyAdmin SQL Dump
-- version 4.7.0
-- https://www.phpmyadmin.net/
--
-- Host: 127.0.0.1
-- Generation Time: Feb 28, 2018 at 08:57 AM
-- Server version: 10.1.25-MariaDB
-- PHP Version: 5.6.31

SET SQL_MODE = "NO_AUTO_VALUE_ON_ZERO";
SET AUTOCOMMIT = 0;
START TRANSACTION;
SET time_zone = "+00:00";


/*!40101 SET @OLD_CHARACTER_SET_CLIENT=@@CHARACTER_SET_CLIENT */;
/*!40101 SET @OLD_CHARACTER_SET_RESULTS=@@CHARACTER_SET_RESULTS */;
/*!40101 SET @OLD_COLLATION_CONNECTION=@@COLLATION_CONNECTION */;
/*!40101 SET NAMES utf8mb4 */;

--
-- Database: `db_icesystem`
--

-- --------------------------------------------------------

--
-- Table structure for table `absence`
--

CREATE TABLE `absence` (
  `absence_id` int(10) UNSIGNED ZEROFILL NOT NULL,
  `employee_id` int(5) UNSIGNED ZEROFILL NOT NULL,
  `date` datetime NOT NULL
) ENGINE=InnoDB DEFAULT CHARSET=utf8 COLLATE=utf8_unicode_ci;

--
-- Dumping data for table `absence`
--

INSERT INTO `absence` (`absence_id`, `employee_id`, `date`) VALUES
(0000000035, 00003, '2018-02-08 00:00:00'),
(0000000036, 00004, '2018-02-08 00:00:00'),
(0000000037, 00005, '2018-02-08 00:00:00'),
(0000000038, 00006, '2018-02-08 00:00:00'),
(0000000039, 00008, '2018-02-09 00:00:00'),
(0000000040, 00010, '2018-02-10 00:00:00'),
(0000000041, 00001, '2018-02-11 00:00:00'),
(0000000042, 00003, '2018-02-11 00:00:00'),
(0000000043, 00004, '2018-02-11 00:00:00'),
(0000000044, 00005, '2018-02-11 00:00:00'),
(0000000045, 00006, '2018-02-11 00:00:00'),
(0000000046, 00008, '2018-02-11 00:00:00'),
(0000000047, 00009, '2018-02-11 00:00:00'),
(0000000048, 00010, '2018-02-11 00:00:00'),
(0000000049, 00001, '2018-02-12 00:00:00'),
(0000000050, 00009, '2018-02-12 00:00:00'),
(0000000051, 00006, '2018-02-15 00:00:00'),
(0000000052, 00013, '2018-02-16 00:00:00'),
(0000000053, 00003, '2018-02-17 00:00:00'),
(0000000054, 00004, '2018-02-17 00:00:00'),
(0000000055, 00005, '2018-02-17 00:00:00'),
(0000000056, 00006, '2018-02-17 00:00:00'),
(0000000057, 00008, '2018-02-17 00:00:00'),
(0000000058, 00009, '2018-02-17 00:00:00'),
(0000000059, 00010, '2018-02-17 00:00:00'),
(0000000060, 00013, '2018-02-17 00:00:00'),
(0000000061, 00001, '2018-02-28 00:00:00'),
(0000000062, 00003, '2018-02-28 00:00:00'),
(0000000063, 00004, '2018-02-28 00:00:00'),
(0000000064, 00005, '2018-02-28 00:00:00'),
(0000000065, 00006, '2018-02-28 00:00:00'),
(0000000066, 00008, '2018-02-28 00:00:00'),
(0000000067, 00009, '2018-02-28 00:00:00'),
(0000000068, 00010, '2018-02-28 00:00:00'),
(0000000069, 00013, '2018-02-28 00:00:00');

-- --------------------------------------------------------

--
-- Table structure for table `account`
--

CREATE TABLE `account` (
  `account_id` int(10) UNSIGNED ZEROFILL NOT NULL,
  `sell_id` int(11) UNSIGNED ZEROFILL DEFAULT NULL,
  `salaly_id` int(10) UNSIGNED ZEROFILL DEFAULT NULL,
  `debtor_id` int(10) UNSIGNED ZEROFILL DEFAULT NULL,
  `account_detail` text NOT NULL,
  `account_income` decimal(8,2) NOT NULL,
  `account_expenses` decimal(8,2) NOT NULL,
  `account_type` varchar(100) NOT NULL,
  `account_datasave` datetime NOT NULL
) ENGINE=InnoDB DEFAULT CHARSET=utf32;

--
-- Dumping data for table `account`
--

INSERT INTO `account` (`account_id`, `sell_id`, `salaly_id`, `debtor_id`, `account_detail`, `account_income`, `account_expenses`, `account_type`, `account_datasave`) VALUES
(0000000099, 00000000085, NULL, NULL, 'ขายสินค้าเป็นเงินสด', '550.00', '0.00', 'รายรับจากการขายสินค้า', '2018-02-11 11:24:08'),
(0000000100, 00000000088, NULL, NULL, 'ขายสินค้าจากการสั้งซื้อ', '2025.00', '0.00', 'รายรับจากการขายสินค้าจากการสั้งซื้อ', '2018-02-11 11:33:46'),
(0000000101, 00000000089, NULL, NULL, 'ได้รับการชำระเงินจากลูกหนี้ชื่อ สรศักดิ์ ต้นเกณฑ์', '400.00', '0.00', 'รายรับจากการชำระหนี้', '2018-02-11 11:44:12'),
(0000000102, 00000000087, NULL, NULL, 'ได้รับการชำระเงินจากลูกหนี้ชื่อ สรศักดิ์ ต้นเกณฑ์', '980.00', '0.00', 'รายรับจากการชำระหนี้', '2018-02-11 11:45:32'),
(0000000103, NULL, NULL, NULL, 'จ่ายเงินเดือนให้พนักงานชื่อ ซานดร้า ลอสแองเจอลิส', '0.00', '800.00', 'จ่ายเงินเดือนให้พนักงาน', '2018-01-11 11:48:57'),
(0000000104, NULL, NULL, NULL, '-', '845.00', '0.00', 'รายรับ', '2018-02-11 11:53:09'),
(0000000105, NULL, NULL, NULL, 'ค่าน้ำ', '0.00', '1000.00', 'รายจ่าย', '2018-02-11 11:53:30'),
(0000000106, 00000000090, NULL, NULL, 'ขายสินค้าเป็นเงินสด', '1850.00', '0.00', 'รายรับจากการขายสินค้า', '2018-02-11 20:12:45'),
(0000000107, 00000000092, NULL, NULL, 'ขายสินค้าจากการสั้งซื้อ', '1000.00', '0.00', 'รายรับจากการขายสินค้าจากการสั้งซื้อ', '2018-02-11 20:22:09'),
(0000000108, 00000000091, NULL, NULL, 'ได้รับการชำระเงินจากลูกหนี้ชื่อ customer2 customer2', '30.00', '0.00', 'รายรับจากการชำระหนี้', '2018-02-11 20:24:44'),
(0000000109, NULL, NULL, NULL, 'จ่ายเงินเดือนให้พนักงานชื่อ ศณนุวัฒน์  ศรีราชตีกูล', '0.00', '300.00', 'จ่ายเงินเดือนให้พนักงาน', '2018-02-11 20:30:27'),
(0000000112, NULL, NULL, NULL, 'จ่ายเงินเดือนให้พนักงานชื่อ ซานดร้า ลอสแองเจอลิส', '0.00', '1200.00', 'จ่ายเงินเดือนให้พนักงาน', '2018-02-12 18:58:08'),
(0000000113, 00000000093, NULL, NULL, 'ขายสินค้าเป็นเงินสด', '2620.00', '0.00', 'รายรับจากการขายสินค้า', '2018-02-12 19:51:03'),
(0000000114, 00000000095, NULL, NULL, 'ขายสินค้าจากการสั้งซื้อ', '1100.00', '0.00', 'รายรับจากการขายสินค้าจากการสั้งซื้อ', '2018-02-14 10:40:08'),
(0000000115, 00000000096, NULL, NULL, 'ขายสินค้าจากการสั้งซื้อ', '800.00', '0.00', 'รายรับจากการขายสินค้าจากการสั้งซื้อ', '2018-02-14 13:45:48'),
(0000000116, 00000000097, NULL, NULL, 'ได้รับการชำระเงินจากลูกหนี้ชื่อ สรศักดิ์ ต้นเกณฑ์', '1700.00', '0.00', 'รายรับจากการชำระหนี้', '2018-02-14 13:47:22'),
(0000000117, 00000000094, NULL, NULL, 'ได้รับการชำระเงินจากลูกหนี้ชื่อ สรศักดิ์ ต้นเกณฑ์', '2600.00', '0.00', 'รายรับจากการชำระหนี้', '2018-02-15 17:24:22'),
(0000000118, 00000000098, NULL, NULL, 'ขายสินค้าเป็นเงินสด', '8750.00', '0.00', 'รายรับจากการขายสินค้า', '2018-02-15 18:10:24'),
(0000000119, 00000000086, NULL, NULL, 'ได้รับการชำระเงินจากลูกหนี้ชื่อ สรศักดิ์ ต้นเกณฑ์', '70.00', '0.00', 'รายรับจากการชำระหนี้', '2018-02-15 18:13:05'),
(0000000120, 00000000099, NULL, NULL, 'ได้รับการชำระเงินจากลูกหนี้ชื่อ สรศักดิ์ ต้นเกณฑ์', '3500.00', '0.00', 'รายรับจากการชำระหนี้', '2018-02-15 18:14:16'),
(0000000121, 00000000100, NULL, NULL, 'ขายสินค้าเป็นเงินสด', '1000.00', '0.00', 'รายรับจากการขายสินค้า', '2018-02-16 14:50:45'),
(0000000122, 00000000101, NULL, NULL, 'ได้รับการชำระเงินจากลูกหนี้ชื่อ สรศักดิ์ ต้นเกณฑ์', '1000.00', '0.00', 'รายรับจากการชำระหนี้', '2018-02-16 14:56:02'),
(0000000123, 00000000102, NULL, NULL, 'ขายสินค้าจากการสั้งซื้อ', '70.00', '0.00', 'รายรับจากการขายสินค้าจากการสั้งซื้อ', '2018-02-18 11:05:27'),
(0000000124, 00000000103, NULL, NULL, 'ขายสินค้าจากการสั้งซื้อ', '70.00', '0.00', 'รายรับจากการขายสินค้าจากการสั้งซื้อ', '2018-02-18 11:05:29'),
(0000000125, 00000000104, NULL, NULL, 'ขายสินค้าจากการสั้งซื้อ', '110.00', '0.00', 'รายรับจากการขายสินค้าจากการสั้งซื้อ', '2018-02-18 11:05:44'),
(0000000126, 00000000105, NULL, NULL, 'ขายสินค้าเป็นเงินสด', '30.00', '0.00', 'รายรับจากการขายสินค้า', '2018-02-18 11:08:00'),
(0000000127, 00000000106, NULL, NULL, 'ขายสินค้าเป็นเงินสด', '500.00', '0.00', 'รายรับจากการขายสินค้า', '2018-02-21 13:25:39'),
(0000000128, 00000000108, NULL, NULL, 'ขายสินค้าจากการสั้งซื้อ', '55.00', '0.00', 'รายรับจากการขายสินค้าจากการสั้งซื้อ', '2018-02-21 13:28:14'),
(0000000129, 00000000109, NULL, NULL, 'ได้รับการชำระเงินจากลูกหนี้ชื่อ สรศักดิ์ ต้นเกณฑ์', '1000.00', '0.00', 'รายรับจากการชำระหนี้', '2018-02-21 13:29:59'),
(0000000130, 00000000110, NULL, NULL, 'ขายสินค้าเป็นเงินสด', '465.00', '0.00', 'รายรับจากการขายสินค้า', '2018-02-23 19:38:33');

-- --------------------------------------------------------

--
-- Table structure for table `contact`
--

CREATE TABLE `contact` (
  `contact_id` int(10) UNSIGNED ZEROFILL NOT NULL,
  `contact_name` varchar(255) COLLATE utf8_unicode_ci NOT NULL,
  `contact_email` varchar(255) COLLATE utf8_unicode_ci NOT NULL,
  `contact_phone` int(11) NOT NULL,
  `contact_detail` text COLLATE utf8_unicode_ci NOT NULL,
  `contact_datasave` datetime NOT NULL
) ENGINE=InnoDB DEFAULT CHARSET=utf8 COLLATE=utf8_unicode_ci;

--
-- Dumping data for table `contact`
--

INSERT INTO `contact` (`contact_id`, `contact_name`, `contact_email`, `contact_phone`, `contact_detail`, `contact_datasave`) VALUES
(0000000002, '123', 'test@test.com', 866544837, '์BNK48', '2018-02-06 15:46:55'),
(0000000003, 'aod sorasak', 'aodcat19@gmail.com', 866544837, '55555555555555', '2018-02-07 22:58:34'),
(0000000004, 'BNK48', 'aodcat19@gmail.com', 866544837, 'i love you เฌอปราง', '2018-02-11 12:08:03');

-- --------------------------------------------------------

--
-- Table structure for table `customers`
--

CREATE TABLE `customers` (
  `customer_id` int(11) UNSIGNED ZEROFILL NOT NULL,
  `customer_fname` varchar(50) CHARACTER SET utf8 COLLATE utf8_unicode_ci NOT NULL,
  `customer_lname` varchar(50) CHARACTER SET utf8 COLLATE utf8_unicode_ci NOT NULL,
  `customer_sex` varchar(5) CHARACTER SET utf8 COLLATE utf8_unicode_ci NOT NULL,
  `customer_phone` varchar(20) COLLATE latin1_general_ci NOT NULL,
  `customer_email` varchar(80) COLLATE latin1_general_ci NOT NULL,
  `customer_image` varchar(100) CHARACTER SET utf8 COLLATE utf8_unicode_ci NOT NULL,
  `customer_datasave` date NOT NULL,
  `customer_birthday` date NOT NULL,
  `customer_address` varchar(255) CHARACTER SET utf32 COLLATE utf32_unicode_ci DEFAULT NULL,
  `customer_sub_area` varchar(120) CHARACTER SET utf8 COLLATE utf8_unicode_ci NOT NULL,
  `customer_area` varchar(120) CHARACTER SET utf8 COLLATE utf8_unicode_ci NOT NULL,
  `customer_province` varchar(100) CHARACTER SET utf8 COLLATE utf8_unicode_ci NOT NULL,
  `customer_postal_code` varchar(10) CHARACTER SET utf8 COLLATE utf8_unicode_ci NOT NULL,
  `customer_country` varchar(30) CHARACTER SET utf8 COLLATE utf8_unicode_ci NOT NULL,
  `customer_IDcard` varchar(13) CHARACTER SET utf32 NOT NULL
) ENGINE=MyISAM DEFAULT CHARSET=latin1 COLLATE=latin1_general_ci;

--
-- Dumping data for table `customers`
--

INSERT INTO `customers` (`customer_id`, `customer_fname`, `customer_lname`, `customer_sex`, `customer_phone`, `customer_email`, `customer_image`, `customer_datasave`, `customer_birthday`, `customer_address`, `customer_sub_area`, `customer_area`, `customer_province`, `customer_postal_code`, `customer_country`, `customer_IDcard`) VALUES
(00000000016, 'customer2', 'customer2', 'male', '0866544837', 'aodcat19@gmail.com', '758185dd3072571c0df6f15917b75daa.jpg', '2018-02-17', '2018-02-11', '-', '-', '-', '-', '50140', 'ไทย', '4561237896548'),
(00000000010, 'สรศักดิ์', 'ต้นเกณฑ์', 'male', '0866544837', 'admin@admin.com', '2ee5f20c5f34aade9bc35b087db75a8c.png', '2018-02-11', '2017-05-10', 'การ', '123', '123456', 'เชียงใหม่', '50140', 'ไทย', '1234567897989');

-- --------------------------------------------------------

--
-- Table structure for table `debtor`
--

CREATE TABLE `debtor` (
  `debtor_id` int(10) UNSIGNED ZEROFILL NOT NULL,
  `sell_id` int(11) UNSIGNED ZEROFILL NOT NULL,
  `customer_id` int(11) UNSIGNED ZEROFILL NOT NULL,
  `price_total` decimal(8,2) NOT NULL,
  `debtor_status` varchar(20) COLLATE utf8_unicode_ci NOT NULL,
  `debtor_datasave` datetime NOT NULL
) ENGINE=InnoDB DEFAULT CHARSET=utf8 COLLATE=utf8_unicode_ci;

--
-- Dumping data for table `debtor`
--

INSERT INTO `debtor` (`debtor_id`, `sell_id`, `customer_id`, `price_total`, `debtor_status`, `debtor_datasave`) VALUES
(0000000027, 00000000086, 00000000010, '70.00', 'ชำระเงินเเล้ว', '2018-02-15 18:13:05'),
(0000000028, 00000000087, 00000000010, '980.00', 'ชำระเงินเเล้ว', '2018-02-11 11:45:32'),
(0000000029, 00000000089, 00000000010, '400.00', 'ชำระเงินเเล้ว', '2018-02-11 11:44:12'),
(0000000030, 00000000091, 00000000016, '30.00', 'ชำระเงินเเล้ว', '2018-02-11 20:24:44'),
(0000000031, 00000000094, 00000000010, '2600.00', 'ชำระเงินเเล้ว', '2018-02-15 17:24:22'),
(0000000032, 00000000097, 00000000010, '1700.00', 'ชำระเงินเเล้ว', '2018-02-14 13:47:22'),
(0000000033, 00000000099, 00000000010, '3500.00', 'ชำระเงินเเล้ว', '2018-02-15 18:14:16'),
(0000000034, 00000000101, 00000000010, '1000.00', 'ชำระเงินเเล้ว', '2018-02-16 14:56:02'),
(0000000035, 00000000107, 00000000016, '75.00', 'ยังไม่ได้ชำระเงิน', '2018-02-21 13:26:18'),
(0000000036, 00000000109, 00000000010, '1000.00', 'ชำระเงินเเล้ว', '2018-02-21 13:29:59'),
(0000000037, 00000000111, 00000000016, '60.00', 'ยังไม่ได้ชำระเงิน', '2018-02-28 14:53:38');

-- --------------------------------------------------------

--
-- Table structure for table `department`
--

CREATE TABLE `department` (
  `department_id` int(3) UNSIGNED ZEROFILL NOT NULL,
  `name` varchar(20) COLLATE utf8mb4_unicode_ci NOT NULL,
  `department_datasave` date NOT NULL,
  `salaly_set` decimal(6,0) NOT NULL
) ENGINE=InnoDB DEFAULT CHARSET=utf8mb4 COLLATE=utf8mb4_unicode_ci;

--
-- Dumping data for table `department`
--

INSERT INTO `department` (`department_id`, `name`, `department_datasave`, `salaly_set`) VALUES
(001, 'คลังสินค้า', '0000-00-00', '300'),
(002, 'บัญชี', '0000-00-00', '400'),
(003, 'ผลิตสินค้า', '0000-00-00', '300'),
(004, 'ขายสินค้า', '0000-00-00', '350'),
(005, 'ผู้จัดการ', '0000-00-00', '0'),
(006, 'ผู้ดูเเลระบบ', '0000-00-00', '0');

-- --------------------------------------------------------

--
-- Table structure for table `employee`
--

CREATE TABLE `employee` (
  `employee_id` int(5) UNSIGNED ZEROFILL NOT NULL,
  `employee_fname` varchar(20) COLLATE utf8_unicode_ci NOT NULL,
  `employee_lname` varchar(20) COLLATE utf8_unicode_ci NOT NULL,
  `employee_birthday` date NOT NULL,
  `employee_sex` varchar(5) COLLATE utf8_unicode_ci NOT NULL,
  `employee_phone` varchar(10) COLLATE utf8_unicode_ci NOT NULL,
  `employee_email` varchar(50) COLLATE utf8_unicode_ci NOT NULL,
  `employee_starting_date` date NOT NULL,
  `department` int(3) UNSIGNED ZEROFILL NOT NULL,
  `employee_image` varchar(100) COLLATE utf8_unicode_ci NOT NULL,
  `employee_datasave` date NOT NULL,
  `employee_sub_area` varchar(100) COLLATE utf8_unicode_ci NOT NULL,
  `employee_area` varchar(100) COLLATE utf8_unicode_ci NOT NULL,
  `employee_province` varchar(100) CHARACTER SET utf32 COLLATE utf32_unicode_ci NOT NULL,
  `employee_postal_code` varchar(100) CHARACTER SET utf32 COLLATE utf32_unicode_ci NOT NULL,
  `employee_country` varchar(100) CHARACTER SET utf32 COLLATE utf32_unicode_ci NOT NULL,
  `employee_IDcard` varchar(20) COLLATE utf8_unicode_ci NOT NULL,
  `employee_home_type` varchar(15) COLLATE utf8_unicode_ci NOT NULL,
  `employee_date_county` date NOT NULL,
  `employee_pastpost` varchar(15) COLLATE utf8_unicode_ci NOT NULL,
  `employee_truecoun` varchar(30) COLLATE utf8_unicode_ci NOT NULL,
  `employee_address` varchar(100) COLLATE utf8_unicode_ci NOT NULL,
  `employee_status` varchar(5) COLLATE utf8_unicode_ci NOT NULL
) ENGINE=MyISAM DEFAULT CHARSET=utf8 COLLATE=utf8_unicode_ci;

--
-- Dumping data for table `employee`
--

INSERT INTO `employee` (`employee_id`, `employee_fname`, `employee_lname`, `employee_birthday`, `employee_sex`, `employee_phone`, `employee_email`, `employee_starting_date`, `department`, `employee_image`, `employee_datasave`, `employee_sub_area`, `employee_area`, `employee_province`, `employee_postal_code`, `employee_country`, `employee_IDcard`, `employee_home_type`, `employee_date_county`, `employee_pastpost`, `employee_truecoun`, `employee_address`, `employee_status`) VALUES
(00001, 'ศณนุวัฒน์ ', 'ศรีราชตีกูล', '2017-11-28', 'male', '0918515633', 'amuvat313@gmail.com', '0000-00-00', 001, '459e08c33ac8b88d311b69c9147e8286.png', '2017-11-27', 'วัด', 'ddd', 'ร้อยเอ็ด', '45220', 'sss', '1111111111111', 'home', '2017-06-05', '1333333333333', 'เมียนม่า', '295/1 444', 'sing'),
(00003, 'Alex', 'Macos', '2017-12-27', 'male', '9185156334', '', '0000-00-00', 003, 'cb09d9a7933c956d89cfe9684e4635c0.png', '2017-12-08', 'วัด', 'เมือง', 'ร้อยเอ็ด', '50000', 'Thai', '1503231564646', 'factory_hotel', '0000-00-00', '', '', '295/1 444', 'sing'),
(00004, 'สุราช', 'ชาติชาย', '2017-12-05', 'male', '0162345698', '', '0000-00-00', 005, 'fded8d15ebfed891d28d66f066da7ffb.png', '2017-12-08', 'วัด', 'เมือง', 'เชียงใหม่', '10500', 'ไทย', '2356464131323', 'factory_hotel', '0000-00-00', '', '', '295/1 444', 'sing'),
(00005, 'ซานดร้า', 'ลอสแองเจอลิส', '1986-07-16', 'fmale', '1503333333', '', '0000-00-00', 002, '5ec5f32dc8d20a54da575f22611d68c5.png', '2017-12-08', 'หนองราช', 'ไชยศรี', 'เมือง', 'เพรชบุรี', 'อเมริกัน', '1503210000000', 'hotel', '0000-00-00', '', '', '1500/50', 'marie'),
(00006, 'สรศักดิ์ ', 'ต้นเกณฑ์', '2018-02-06', 'male', '0965403845', '', '0000-00-00', 004, '67b1116fe8077295077dbc4d2a7eb196.png', '2018-02-06', '654', '123', 'เชียงใหม่', '50140', 'ไทย', '1509901599028', 'factory_hotel', '0000-00-00', '', '', '654', 'sing'),
(00008, 'คลัง', 'สินค้า', '2018-02-08', 'fmale', '0965403849', '', '0000-00-00', 001, '25bf544ac0d4dc45818a2110e51b846b.jpg', '2018-02-08', '-', '-', '-', '-', 'ไทย', '1509901599028', 'factory_hotel', '0000-00-00', '', '', '-', 'sing'),
(00009, 'test01', 'test01', '2018-02-09', 'fmale', '0866544837', '', '0000-00-00', 001, '5db260af00d709658b807d374c1f7fc2.jpg', '2018-02-09', '-', '-', '-', '-', 'test', '1111111111111', 'factory_hotel', '0000-00-00', '', '', '-', 'sing'),
(00010, 'Jhhh', 'Hhhh', '2018-02-14', 'male', '6647754577', '', '0000-00-00', 005, '192f27f896bc0be7efd0cb7aeba461d4.png', '2018-02-10', '-', '-', '-', '50140', 'น่ส่', '1234567890123', 'home', '0000-00-00', '', '', '-', 'sing'),
(00013, 'admin', 'admin', '2018-02-16', 'male', '0000000000', '', '0000-00-00', 006, '8db79423ea1acdcc4a2523d1c0cb2a93.png', '2018-02-16', '-', '-', '-', '50140', '-', '1111111111111', 'home', '0000-00-00', '', '', '-', 'sing');

-- --------------------------------------------------------

--
-- Table structure for table `order`
--

CREATE TABLE `order` (
  `order_id` int(10) UNSIGNED ZEROFILL NOT NULL,
  `customer_id` int(11) UNSIGNED ZEROFILL NOT NULL,
  `product_id` int(4) UNSIGNED ZEROFILL NOT NULL,
  `order_detail_id` int(11) UNSIGNED ZEROFILL NOT NULL,
  `order_product_name` varchar(50) CHARACTER SET utf8 COLLATE utf8_unicode_ci DEFAULT NULL,
  `order_product_price` decimal(8,2) DEFAULT NULL,
  `order_product_quantity` int(5) DEFAULT NULL,
  `order_product_total_price` decimal(8,2) DEFAULT NULL
) ENGINE=MyISAM DEFAULT CHARSET=latin1 COLLATE=latin1_general_ci;

--
-- Dumping data for table `order`
--

INSERT INTO `order` (`order_id`, `customer_id`, `product_id`, `order_detail_id`, `order_product_name`, `order_product_price`, `order_product_quantity`, `order_product_total_price`) VALUES
(0000000106, 00000000010, 0009, 00000000027, 'น้ำแข็งเกล็ด', '25.00', 20, '500.00'),
(0000000105, 00000000010, 0010, 00000000027, 'น้ำแข็งหลอดเล็ก', '65.00', 10, '650.00'),
(0000000104, 00000000010, 0011, 00000000026, 'น้ำแข็งก้อน', '20.00', 30, '600.00'),
(0000000103, 00000000010, 0010, 00000000026, 'น้ำแข็งหลอดเล็ก', '65.00', 20, '1300.00'),
(0000000102, 00000000010, 0009, 00000000026, 'น้ำแข็งเกล็ด', '25.00', 10, '250.00'),
(0000000101, 00000000010, 0010, 00000000025, 'น้ำแข็งหลอดเล็ก', '65.00', 1, '65.00'),
(0000000100, 00000000010, 0011, 00000000025, 'น้ำแข็งก้อน', '20.00', 1, '20.00'),
(0000000099, 00000000010, 0013, 00000000025, 'น้ำแข็งก้อนใหญ่', '30.00', 1, '30.00'),
(0000000107, 00000000010, 0009, 00000000028, 'น้ำแข็งเกล็ด', '35.00', 10, '350.00'),
(0000000108, 00000000010, 0010, 00000000028, 'น้ำแข็งหลอดเล็ก', '35.00', 15, '525.00'),
(0000000109, 00000000010, 0011, 00000000028, 'น้ำแข็งก้อน', '20.00', 20, '400.00'),
(0000000110, 00000000010, 0016, 00000000028, 'น้ำเเข็งหลอดใหญ่', '30.00', 25, '750.00'),
(0000000112, 00000000010, 0013, 00000000030, 'น้ำแข็งก้อนใหญ่', '40.00', 5, '200.00'),
(0000000113, 00000000010, 0011, 00000000030, 'น้ำแข็งก้อน', '20.00', 10, '200.00'),
(0000000114, 00000000016, 0016, 00000000031, 'น้ำเเข็งหลอดใหญ่', '30.00', 20, '600.00'),
(0000000115, 00000000016, 0013, 00000000031, 'น้ำแข็งก้อนใหญ่', '40.00', 10, '400.00'),
(0000000116, 00000000010, 0016, 00000000032, 'น้ำเเข็งหลอดใหญ่', '30.00', 10, '300.00'),
(0000000117, 00000000010, 0013, 00000000032, 'น้ำแข็งก้อนใหญ่', '40.00', 20, '800.00'),
(0000000118, 00000000010, 0014, 00000000033, 'หลอดโม่', '35.00', 20, '700.00'),
(0000000119, 00000000010, 0009, 00000000033, 'น้ำแข็งเกล็ด', '35.00', 10, '350.00'),
(0000000120, 00000000010, 0011, 00000000033, 'น้ำแข็งก้อน', '20.00', 15, '300.00'),
(0000000121, 00000000010, 0010, 00000000033, 'น้ำแข็งหลอดเล็ก', '35.00', 10, '350.00'),
(0000000122, 00000000010, 0013, 00000000034, 'น้ำแข็งก้อนใหญ่', '40.00', 20, '800.00'),
(0000000132, 00000000010, 0016, 00000000039, 'น้ำเเข็งหลอดใหญ่', '30.00', 1, '30.00'),
(0000000129, 00000000010, 0009, 00000000038, 'น้ำแข็งเกล็ด', '35.00', 1, '35.00'),
(0000000130, 00000000010, 0010, 00000000038, 'น้ำแข็งหลอดเล็ก', '35.00', 1, '35.00'),
(0000000131, 00000000010, 0013, 00000000038, 'น้ำแข็งก้อนใหญ่', '40.00', 1, '40.00'),
(0000000133, 00000000010, 0013, 00000000039, 'น้ำแข็งก้อนใหญ่', '40.00', 1, '40.00'),
(0000000134, 00000000010, 0010, 00000000040, 'น้ำแข็งหลอดเล็ก', '35.00', 1, '35.00'),
(0000000135, 00000000010, 0009, 00000000040, 'น้ำแข็งเกล็ด', '35.00', 1, '35.00'),
(0000000136, 00000000010, 0016, 00000000041, 'น้ำเเข็งหลอดใหญ่', '30.00', 10, '300.00'),
(0000000137, 00000000010, 0014, 00000000041, 'หลอดโม่', '35.00', 20, '700.00'),
(0000000139, 00000000010, 0011, 00000000043, 'น้ำแข็งก้อน', '20.00', 1, '20.00'),
(0000000140, 00000000010, 0010, 00000000043, 'น้ำแข็งหลอดเล็ก', '35.00', 1, '35.00');

-- --------------------------------------------------------

--
-- Table structure for table `order_detail`
--

CREATE TABLE `order_detail` (
  `order_detail_id` int(11) UNSIGNED ZEROFILL NOT NULL,
  `order_detail_status` varchar(100) DEFAULT NULL,
  `order_out_date` varchar(255) DEFAULT NULL,
  `order_out_customer_date` varchar(255) DEFAULT NULL,
  `order_detail_total` decimal(8,2) DEFAULT NULL,
  `order_detail_date` varchar(45) DEFAULT NULL
) ENGINE=InnoDB DEFAULT CHARSET=utf8;

--
-- Dumping data for table `order_detail`
--

INSERT INTO `order_detail` (`order_detail_id`, `order_detail_status`, `order_out_date`, `order_out_customer_date`, `order_detail_total`, `order_detail_date`) VALUES
(00000000025, 'ดำเนินการเรียบร้อยเเล้ว', 'ในวันที่ 9 ก.พ. เวลา 12.00 นาฬิกาเป็นต้นไป', '09:42', '115.00', '2018-02-09 09:43:03'),
(00000000026, 'ดำเนินการเรียบร้อยเเล้ว', '03.00 นาฬิกาใน 10 ก.พ. 2561 เป็นต้นไป', '18:59', '2150.00', '2018-02-09 19:00:54'),
(00000000027, 'ดำเนินการเรียบร้อยเเล้ว', 'ในวันที่ 10 ก.พ. เวลา 12.00 นาฬิกาเป็นต้นไป', '09:50', '1150.00', '2018-02-10 10:00:21'),
(00000000028, 'ดำเนินการเรียบร้อยเเล้ว', 'ในวันที่ 11 ก.พ. เวลา 12.00 นาฬิกาเป็นต้นไป', '11:30', '2025.00', '2018-02-11 11:33:46'),
(00000000030, 'ดำเนินการเรียบร้อยเเล้ว', 'ในวันที่ 11 ก.พ. เวลา 12.00 นาฬิกาเป็นต้นไป', '11:35', '400.00', '2018-02-11 11:40:12'),
(00000000031, 'ดำเนินการเรียบร้อยเเล้ว', '03.00 นาฬิกาใน 12 ก.พ. 2561 เป็นต้นไป', '20:18', '1000.00', '2018-02-11 20:22:09'),
(00000000032, 'ดำเนินการเรียบร้อยเเล้ว', 'ในวันที่ 14 ก.พ. เวลา 12.00 นาฬิกาเป็นต้นไป', '10:38', '1100.00', '2018-02-14 10:40:08'),
(00000000033, 'ดำเนินการเรียบร้อยเเล้ว', 'ในวันที่ 14 ก.พ. เวลา 18.00 นาฬิกาเป็นต้นไป', '13:42', '1700.00', '2018-02-14 13:47:01'),
(00000000034, 'ดำเนินการเรียบร้อยเเล้ว', '03.00 นาฬิกาใน 15 ก.พ. 2561 เป็นต้นไป', '13:43', '800.00', '2018-02-14 13:45:48'),
(00000000038, 'ดำเนินการเรียบร้อยเเล้ว', '06.00 นาฬิกาใน 18 ก.พ. 2561 เป็นต้นไป', '16:53', '110.00', '2018-02-18 11:05:44'),
(00000000039, 'ดำเนินการเรียบร้อยเเล้ว', '06.00 นาฬิกาใน 18 ก.พ. 2561 เป็นต้นไป', '16:57', '70.00', '2018-02-18 11:05:29'),
(00000000040, 'ดำเนินการเรียบร้อยเเล้ว', '06.00 นาฬิกาใน 18 ก.พ. 2561 เป็นต้นไป', '16:59', '70.00', '2018-02-18 11:05:27'),
(00000000041, 'ดำเนินการเรียบร้อยเเล้ว', 'ในวันที่ 18 ก.พ. เวลา 18.00 นาฬิกาเป็นต้นไป', '11:06', '1000.00', '2018-02-21 13:28:37'),
(00000000043, 'ดำเนินการเรียบร้อยเเล้ว', '06.00 นาฬิกาใน 22 ก.พ. 2561 เป็นต้นไป', '13:27', '55.00', '2018-02-21 13:28:14');

-- --------------------------------------------------------

--
-- Table structure for table `product`
--

CREATE TABLE `product` (
  `product_id` int(4) UNSIGNED ZEROFILL NOT NULL,
  `product_name` varchar(50) COLLATE utf8mb4_unicode_ci DEFAULT NULL,
  `product_detail` varchar(200) COLLATE utf8mb4_unicode_ci DEFAULT NULL,
  `product_price` decimal(10,0) DEFAULT NULL,
  `product_type` varchar(20) COLLATE utf8mb4_unicode_ci NOT NULL,
  `product_amount` int(3) NOT NULL,
  `product_amount_order` int(3) NOT NULL,
  `product_alert` int(3) NOT NULL,
  `product_img` text COLLATE utf8mb4_unicode_ci NOT NULL,
  `date` datetime DEFAULT NULL
) ENGINE=MyISAM DEFAULT CHARSET=utf8mb4 COLLATE=utf8mb4_unicode_ci COMMENT='ตารางเก็บข้อมูลสินค้า';

--
-- Dumping data for table `product`
--

INSERT INTO `product` (`product_id`, `product_name`, `product_detail`, `product_price`, `product_type`, `product_amount`, `product_amount_order`, `product_alert`, `product_img`, `date`) VALUES
(0010, 'น้ำแข็งหลอดเล็ก', 'ลักษณะเป็นลูกสี่เหลี่ยมเหมือนกล่องขนาดเล็ก', '35', 'กระสอบ', 210, 0, 100, 'd36efc1bf8e7f8f56a546dd69bd882ba.png', '2018-02-27 13:51:27'),
(0009, 'น้ำแข็งเกล็ด', 'มีลักษณะเป็นเกล็ด โดยผลิตจากการนำน้ำแข็งก้อนหรือซองเข้าเคลื่องบด', '35', 'กระสอบ', 215, 0, 100, 'f028f68a5eb3bb131bfceb2656f2d979.jpg', '2018-02-28 14:53:07'),
(0011, 'น้ำแข็งก้อน', 'เป็นรูปแบบย่อยของน้ำแข็งซองแต่จะถูกหั่นแยกออกมาเป็นส่วนๆ', '20', 'ก้อน', 210, 0, 50, '3a31bf0f6b874079fe1f778b54f36e6b.jpg', '2018-02-27 13:51:27'),
(0016, 'น้ำเเข็งหลอดใหญ่', 'น้ำเเข็งหลอดใหญ่', '30', 'กระสอบ', 198, 0, 50, '4b47ddc800a1f9f778138ad9bc154acb.png', '2018-02-27 13:51:27'),
(0013, 'น้ำแข็งก้อนใหญ่', 'น้ำแข็งก้อน', '40', 'ก้อน', 100, 0, 10, '50ca55e2fa911b9c6e85eb372e665f05.jpg', '2018-02-27 13:51:27'),
(0014, 'หลอดโม่', 'น้ำแข็งที่มาจากการนำน้ำแข็งหลอดมาบดให้ละเอียด', '35', 'กระสอบ', 200, 0, 3, '62fd02147fd5c9cbf03d31e7ef2ceb5c.jpg', '2018-02-27 13:51:27');

-- --------------------------------------------------------

--
-- Table structure for table `rest_work`
--

CREATE TABLE `rest_work` (
  `rest_id` int(10) UNSIGNED ZEROFILL NOT NULL,
  `employee_id` int(5) UNSIGNED ZEROFILL NOT NULL,
  `rest_before` date NOT NULL,
  `rest_after` date NOT NULL,
  `date_add` date DEFAULT NULL
) ENGINE=InnoDB DEFAULT CHARSET=utf8 COLLATE=utf8_unicode_ci;

--
-- Dumping data for table `rest_work`
--

INSERT INTO `rest_work` (`rest_id`, `employee_id`, `rest_before`, `rest_after`, `date_add`) VALUES
(0000000026, 00001, '2018-02-08', '2018-02-09', '2018-02-08'),
(0000000027, 00008, '2018-02-08', '2018-02-08', '2018-02-08'),
(0000000028, 00003, '2018-02-09', '2018-02-09', '2018-02-09'),
(0000000029, 00004, '2018-02-11', '2018-02-11', '2018-02-11'),
(0000000030, 00010, '2018-02-12', '2018-02-12', '2018-02-12'),
(0000000031, 00005, '2018-02-15', '2018-02-15', '2018-02-15');

-- --------------------------------------------------------

--
-- Table structure for table `salary_month`
--

CREATE TABLE `salary_month` (
  `salaly_id` int(10) UNSIGNED ZEROFILL NOT NULL,
  `salaly_month` int(10) NOT NULL,
  `employee_id` int(5) UNSIGNED ZEROFILL NOT NULL,
  `absence` int(2) DEFAULT NULL,
  `rest_work` int(2) DEFAULT NULL,
  `worktime` int(2) DEFAULT NULL,
  `date_add` date NOT NULL
) ENGINE=InnoDB DEFAULT CHARSET=utf8 COLLATE=utf8_unicode_ci;

--
-- Dumping data for table `salary_month`
--

INSERT INTO `salary_month` (`salaly_id`, `salaly_month`, `employee_id`, `absence`, `rest_work`, `worktime`, `date_add`) VALUES
(0000000023, 800, 00005, 2, 0, 2, '2018-01-11'),
(0000000024, 300, 00001, 1, 2, 1, '2018-02-11'),
(0000000025, 1200, 00005, 2, 0, 3, '2018-02-12');

-- --------------------------------------------------------

--
-- Table structure for table `sell`
--

CREATE TABLE `sell` (
  `sell_id` int(11) UNSIGNED ZEROFILL NOT NULL,
  `product_id` int(4) UNSIGNED ZEROFILL NOT NULL,
  `sell_detail_id` int(11) UNSIGNED ZEROFILL NOT NULL,
  `order_id` int(10) UNSIGNED ZEROFILL DEFAULT NULL,
  `customer_id` int(11) UNSIGNED ZEROFILL DEFAULT NULL,
  `sell_product_quantity` varchar(45) COLLATE latin1_general_ci DEFAULT NULL,
  `sell_product_price` decimal(8,2) DEFAULT NULL,
  `sell_product_total_price` decimal(8,2) DEFAULT NULL
) ENGINE=MyISAM DEFAULT CHARSET=latin1 COLLATE=latin1_general_ci;

--
-- Dumping data for table `sell`
--

INSERT INTO `sell` (`sell_id`, `product_id`, `sell_detail_id`, `order_id`, `customer_id`, `sell_product_quantity`, `sell_product_price`, `sell_product_total_price`) VALUES
(00000000174, 0016, 00000000092, 0000000031, 00000000016, '20', '30.00', '600.00'),
(00000000173, 0016, 00000000091, NULL, 00000000016, '1', '30.00', NULL),
(00000000172, 0013, 00000000090, NULL, NULL, '5', '40.00', NULL),
(00000000171, 0014, 00000000090, NULL, NULL, '30', '35.00', NULL),
(00000000170, 0016, 00000000090, NULL, NULL, '20', '30.00', NULL),
(00000000169, 0011, 00000000089, 0000000030, 00000000010, '10', '20.00', '200.00'),
(00000000168, 0013, 00000000089, 0000000030, 00000000010, '5', '40.00', '200.00'),
(00000000167, 0009, 00000000088, 0000000028, 00000000010, '10', '35.00', '350.00'),
(00000000166, 0010, 00000000088, 0000000028, 00000000010, '15', '35.00', '525.00'),
(00000000165, 0011, 00000000088, 0000000028, 00000000010, '20', '20.00', '400.00'),
(00000000164, 0016, 00000000088, 0000000028, 00000000010, '25', '30.00', '750.00'),
(00000000163, 0009, 00000000087, NULL, 00000000010, '19', '35.00', NULL),
(00000000162, 0014, 00000000087, NULL, 00000000010, '9', '35.00', NULL),
(00000000161, 0009, 00000000086, NULL, 00000000010, '1', '35.00', NULL),
(00000000160, 0014, 00000000086, NULL, 00000000010, '1', '35.00', NULL),
(00000000159, 0013, 00000000085, NULL, NULL, '5', '40.00', NULL),
(00000000158, 0014, 00000000085, NULL, NULL, '10', '35.00', NULL),
(00000000175, 0013, 00000000092, 0000000031, 00000000016, '10', '40.00', '400.00'),
(00000000176, 0016, 00000000093, NULL, NULL, '29', '30.00', NULL),
(00000000177, 0014, 00000000093, NULL, NULL, '50', '35.00', NULL),
(00000000178, 0013, 00000000094, NULL, 00000000010, '40', '40.00', NULL),
(00000000179, 0011, 00000000094, NULL, 00000000010, '50', '20.00', NULL),
(00000000180, 0016, 00000000095, 0000000032, 00000000010, '10', '30.00', '300.00'),
(00000000181, 0013, 00000000095, 0000000032, 00000000010, '20', '40.00', '800.00'),
(00000000182, 0013, 00000000096, 0000000034, 00000000010, '20', '40.00', '800.00'),
(00000000183, 0014, 00000000097, 0000000033, 00000000010, '20', '35.00', '700.00'),
(00000000184, 0011, 00000000097, 0000000033, 00000000010, '15', '20.00', '300.00'),
(00000000185, 0010, 00000000097, 0000000033, 00000000010, '10', '35.00', '350.00'),
(00000000186, 0009, 00000000097, 0000000033, 00000000010, '10', '35.00', '350.00'),
(00000000187, 0016, 00000000098, NULL, NULL, '100', '30.00', NULL),
(00000000188, 0014, 00000000098, NULL, NULL, '50', '35.00', NULL),
(00000000189, 0013, 00000000098, NULL, NULL, '100', '40.00', NULL),
(00000000190, 0009, 00000000099, NULL, 00000000010, '100', '35.00', NULL),
(00000000191, 0016, 00000000100, NULL, NULL, '10', '30.00', NULL),
(00000000192, 0014, 00000000100, NULL, NULL, '20', '35.00', NULL),
(00000000193, 0013, 00000000101, NULL, 00000000010, '20', '40.00', NULL),
(00000000194, 0011, 00000000101, NULL, 00000000010, '10', '20.00', NULL),
(00000000195, 0010, 00000000102, 0000000040, 00000000010, '1', '35.00', '35.00'),
(00000000196, 0009, 00000000102, 0000000040, 00000000010, '1', '35.00', '35.00'),
(00000000197, 0016, 00000000103, 0000000039, 00000000010, '1', '30.00', '30.00'),
(00000000198, 0013, 00000000103, 0000000039, 00000000010, '1', '40.00', '40.00'),
(00000000199, 0013, 00000000104, 0000000038, 00000000010, '1', '40.00', '40.00'),
(00000000200, 0010, 00000000104, 0000000038, 00000000010, '1', '35.00', '35.00'),
(00000000201, 0009, 00000000104, 0000000038, 00000000010, '1', '35.00', '35.00'),
(00000000202, 0016, 00000000105, NULL, NULL, '1', '30.00', NULL),
(00000000203, 0016, 00000000106, NULL, NULL, '5', '30.00', NULL),
(00000000204, 0014, 00000000106, NULL, NULL, '10', '35.00', NULL),
(00000000205, 0014, 00000000107, NULL, 00000000016, '1', '35.00', NULL),
(00000000206, 0013, 00000000107, NULL, 00000000016, '1', '40.00', NULL),
(00000000207, 0011, 00000000108, 0000000043, 00000000010, '1', '20.00', '20.00'),
(00000000208, 0010, 00000000108, 0000000043, 00000000010, '1', '35.00', '35.00'),
(00000000209, 0016, 00000000109, 0000000041, 00000000010, '10', '30.00', '300.00'),
(00000000210, 0014, 00000000109, 0000000041, 00000000010, '20', '35.00', '700.00'),
(00000000211, 0016, 00000000110, NULL, NULL, '5', '30.00', NULL),
(00000000212, 0014, 00000000110, NULL, NULL, '9', '35.00', NULL),
(00000000213, 0016, 00000000111, NULL, 00000000016, '2', '30.00', NULL);

-- --------------------------------------------------------

--
-- Table structure for table `sell_detail`
--

CREATE TABLE `sell_detail` (
  `sell_detail_id` int(11) UNSIGNED ZEROFILL NOT NULL,
  `sell_detail_received` decimal(8,2) DEFAULT NULL,
  `sell_detail_change_sell` decimal(8,2) DEFAULT NULL,
  `sell_detail_total` decimal(8,2) DEFAULT NULL,
  `sell_detail_status` varchar(100) DEFAULT NULL,
  `sell_detail_pay_status` varchar(100) DEFAULT NULL,
  `sell_detail_date` datetime DEFAULT NULL
) ENGINE=InnoDB DEFAULT CHARSET=utf8;

--
-- Dumping data for table `sell_detail`
--

INSERT INTO `sell_detail` (`sell_detail_id`, `sell_detail_received`, `sell_detail_change_sell`, `sell_detail_total`, `sell_detail_status`, `sell_detail_pay_status`, `sell_detail_date`) VALUES
(00000000085, '600.00', '50.00', '550.00', 'ขายสินค้าเป็นเงินสด', 'ชำระเงินเเล้ว', '2018-02-11 11:24:08'),
(00000000086, NULL, NULL, '70.00', 'ขายสินค้าเป็นเงินเชื่อ', 'ชำระเงินเเล้ว', '2018-02-15 18:13:05'),
(00000000087, NULL, NULL, '980.00', 'ขายสินค้าเป็นเงินเชื่อ', 'ชำระเงินเเล้ว', '2018-02-11 11:45:32'),
(00000000088, NULL, NULL, '2025.00', 'ขายสินค้าเป็นเงินสดจากการสั้งซื้อ', 'ชำระเงินเเล้ว', '2018-02-11 11:33:46'),
(00000000089, NULL, NULL, '400.00', 'ขายสินค้าเป็นเงินเชื่อจากการสั้งซื้อ', 'ชำระเงินเเล้ว', '2018-02-11 11:44:12'),
(00000000090, '2000.00', '150.00', '1850.00', 'ขายสินค้าเป็นเงินสด', 'ชำระเงินเเล้ว', '2018-02-11 20:12:45'),
(00000000091, NULL, NULL, '30.00', 'ขายสินค้าเป็นเงินเชื่อ', 'ชำระเงินเเล้ว', '2018-02-11 20:24:44'),
(00000000092, NULL, NULL, '1000.00', 'ขายสินค้าเป็นเงินสดจากการสั้งซื้อ', 'ชำระเงินเเล้ว', '2018-02-11 20:22:09'),
(00000000093, '3000.00', '380.00', '2620.00', 'ขายสินค้าเป็นเงินสด', 'ชำระเงินเเล้ว', '2018-02-12 19:51:03'),
(00000000094, NULL, NULL, '2600.00', 'ขายสินค้าเป็นเงินเชื่อ', 'ชำระเงินเเล้ว', '2018-02-15 17:24:22'),
(00000000095, NULL, NULL, '1100.00', 'ขายสินค้าเป็นเงินสดจากการสั้งซื้อ', 'ชำระเงินเเล้ว', '2018-02-14 10:40:08'),
(00000000096, NULL, NULL, '800.00', 'ขายสินค้าเป็นเงินสดจากการสั้งซื้อ', 'ชำระเงินเเล้ว', '2018-02-14 13:45:48'),
(00000000097, NULL, NULL, '1700.00', 'ขายสินค้าเป็นเงินเชื่อจากการสั้งซื้อ', 'ชำระเงินเเล้ว', '2018-02-14 13:47:22'),
(00000000098, '9000.00', '250.00', '8750.00', 'ขายสินค้าเป็นเงินสด', 'ชำระเงินเเล้ว', '2018-02-15 18:10:24'),
(00000000099, NULL, NULL, '3500.00', 'ขายสินค้าเป็นเงินเชื่อ', 'ชำระเงินเเล้ว', '2018-02-15 18:14:16'),
(00000000100, '1000.00', '0.00', '1000.00', 'ขายสินค้าเป็นเงินสด', 'ชำระเงินเเล้ว', '2018-02-16 14:50:45'),
(00000000101, NULL, NULL, '1000.00', 'ขายสินค้าเป็นเงินเชื่อ', 'ชำระเงินเเล้ว', '2018-02-16 14:56:02'),
(00000000102, NULL, NULL, '70.00', 'ขายสินค้าเป็นเงินสดจากการสั้งซื้อ', 'ชำระเงินเเล้ว', '2018-02-18 11:05:27'),
(00000000103, NULL, NULL, '70.00', 'ขายสินค้าเป็นเงินสดจากการสั้งซื้อ', 'ชำระเงินเเล้ว', '2018-02-18 11:05:29'),
(00000000104, NULL, NULL, '110.00', 'ขายสินค้าเป็นเงินสดจากการสั้งซื้อ', 'ชำระเงินเเล้ว', '2018-02-18 11:05:44'),
(00000000105, '30.00', '0.00', '30.00', 'ขายสินค้าเป็นเงินสด', 'ชำระเงินเเล้ว', '2018-02-18 11:07:59'),
(00000000106, '600.00', '100.00', '500.00', 'ขายสินค้าเป็นเงินสด', 'ชำระเงินเเล้ว', '2018-02-21 13:25:39'),
(00000000107, NULL, NULL, '75.00', 'ขายสินค้าเป็นเงินเชื่อ', 'ยังไม่ได้ชำระเงิน', '2018-02-21 13:26:18'),
(00000000108, NULL, NULL, '55.00', 'ขายสินค้าเป็นเงินสดจากการสั้งซื้อ', 'ชำระเงินเเล้ว', '2018-02-21 13:28:14'),
(00000000109, NULL, NULL, '1000.00', 'ขายสินค้าเป็นเงินเชื่อจากการสั้งซื้อ', 'ชำระเงินเเล้ว', '2018-02-21 13:30:00'),
(00000000110, '500.00', '35.00', '465.00', 'ขายสินค้าเป็นเงินสด', 'ชำระเงินเเล้ว', '2018-02-23 19:38:33'),
(00000000111, NULL, NULL, '60.00', 'ขายสินค้าเป็นเงินเชื่อ', 'ยังไม่ได้ชำระเงิน', '2018-02-28 14:53:38');

-- --------------------------------------------------------

--
-- Table structure for table `stock`
--

CREATE TABLE `stock` (
  `stock_id` int(11) UNSIGNED ZEROFILL NOT NULL,
  `product_id` int(4) UNSIGNED ZEROFILL NOT NULL,
  `employee_id` int(5) UNSIGNED ZEROFILL NOT NULL,
  `stock_detail_id` int(10) UNSIGNED ZEROFILL NOT NULL,
  `order_id` int(10) UNSIGNED ZEROFILL DEFAULT NULL,
  `stock_product_name` varchar(45) DEFAULT NULL,
  `stock_amount` varchar(45) DEFAULT NULL,
  `stock_product_type` varchar(45) DEFAULT NULL
) ENGINE=InnoDB DEFAULT CHARSET=utf8;

--
-- Dumping data for table `stock`
--

INSERT INTO `stock` (`stock_id`, `product_id`, `employee_id`, `stock_detail_id`, `order_id`, `stock_product_name`, `stock_amount`, `stock_product_type`) VALUES
(00000000191, 0009, 00001, 0000000059, NULL, 'น้ำแข็งเกล็ด', '10', 'กระสอบ'),
(00000000192, 0010, 00001, 0000000059, NULL, 'น้ำแข็งหลอดเล็ก', '20', 'กระสอบ'),
(00000000193, 0011, 00001, 0000000059, NULL, 'น้ำแข็งก้อน', '30', 'ก้อน'),
(00000000195, 0013, 00001, 0000000059, NULL, 'น้ำแข็งก้อนใหญ่', '0', 'ถุง'),
(00000000196, 0014, 00001, 0000000059, NULL, 'หลอดโม่', '0', 'กระสอบ'),
(00000000203, 0010, 00000, 0000000061, 0000000025, 'น้ำแข็งหลอดเล็ก', '1', ''),
(00000000204, 0011, 00000, 0000000061, 0000000025, 'น้ำแข็งก้อน', '1', ''),
(00000000205, 0013, 00000, 0000000061, 0000000025, 'น้ำแข็งก้อนใหญ่', '1', ''),
(00000000217, 0009, 00001, 0000000064, NULL, 'น้ำแข็งเกล็ด', '0', 'กระสอบ'),
(00000000218, 0010, 00001, 0000000064, NULL, 'น้ำแข็งหลอดเล็ก', '14', 'กระสอบ'),
(00000000219, 0011, 00001, 0000000064, NULL, 'น้ำแข็งก้อน', '11', 'ก้อน'),
(00000000220, 0013, 00001, 0000000064, NULL, 'น้ำแข็งก้อนใหญ่', '0', 'ถุง'),
(00000000221, 0014, 00001, 0000000064, NULL, 'หลอดโม่', '10', 'กระสอบ'),
(00000000222, 0011, 00000, 0000000065, 0000000026, 'น้ำแข็งก้อน', '30', ''),
(00000000223, 0010, 00000, 0000000065, 0000000026, 'น้ำแข็งหลอดเล็ก', '20', ''),
(00000000224, 0009, 00000, 0000000065, 0000000026, 'น้ำแข็งเกล็ด', '10', ''),
(00000000225, 0009, 00000, 0000000066, 0000000027, 'น้ำแข็งเกล็ด', '20', ''),
(00000000226, 0010, 00000, 0000000066, 0000000027, 'น้ำแข็งหลอดเล็ก', '10', ''),
(00000000232, 0009, 00001, 0000000068, NULL, 'น้ำแข็งเกล็ด', '0', 'กระสอบ'),
(00000000233, 0010, 00001, 0000000068, NULL, 'น้ำแข็งหลอดเล็ก', '0', 'กระสอบ'),
(00000000234, 0011, 00001, 0000000068, NULL, 'น้ำแข็งก้อน', '0', 'ก้อน'),
(00000000235, 0013, 00001, 0000000068, NULL, 'น้ำแข็งก้อนใหญ่', '100', 'ถุง'),
(00000000236, 0014, 00001, 0000000068, NULL, 'หลอดโม่', '200', 'กระสอบ'),
(00000000237, 0009, 00001, 0000000069, NULL, 'น้ำแข็งเกล็ด', '100', 'กระสอบ'),
(00000000238, 0010, 00001, 0000000069, NULL, 'น้ำแข็งหลอดเล็ก', '0', 'กระสอบ'),
(00000000239, 0011, 00001, 0000000069, NULL, 'น้ำแข็งก้อน', '0', 'ก้อน'),
(00000000240, 0013, 00001, 0000000069, NULL, 'น้ำแข็งก้อนใหญ่', '0', 'ถุง'),
(00000000241, 0014, 00001, 0000000069, NULL, 'หลอดโม่', '0', 'กระสอบ'),
(00000000242, 0016, 00001, 0000000069, NULL, 'น้ำเเข็งหลอดใหญ่', '0', 'กระสอบ'),
(00000000243, 0009, 00001, 0000000070, NULL, 'น้ำแข็งเกล็ด', '0', 'กระสอบ'),
(00000000244, 0010, 00001, 0000000070, NULL, 'น้ำแข็งหลอดเล็ก', '20', 'กระสอบ'),
(00000000245, 0011, 00001, 0000000070, NULL, 'น้ำแข็งก้อน', '30', 'ก้อน'),
(00000000246, 0013, 00001, 0000000070, NULL, 'น้ำแข็งก้อนใหญ่', '0', 'ถุง'),
(00000000247, 0014, 00001, 0000000070, NULL, 'หลอดโม่', '0', 'กระสอบ'),
(00000000248, 0016, 00001, 0000000070, NULL, 'น้ำเเข็งหลอดใหญ่', '40', 'กระสอบ'),
(00000000249, 0009, 00000, 0000000071, 0000000028, 'น้ำแข็งเกล็ด', '10', ''),
(00000000250, 0010, 00000, 0000000071, 0000000028, 'น้ำแข็งหลอดเล็ก', '15', ''),
(00000000251, 0011, 00000, 0000000071, 0000000028, 'น้ำแข็งก้อน', '20', ''),
(00000000252, 0016, 00000, 0000000071, 0000000028, 'น้ำเเข็งหลอดใหญ่', '25', ''),
(00000000253, 0013, 00000, 0000000072, 0000000030, 'น้ำแข็งก้อนใหญ่', '5', ''),
(00000000254, 0011, 00000, 0000000072, 0000000030, 'น้ำแข็งก้อน', '10', ''),
(00000000267, 0009, 00008, 0000000075, NULL, 'น้ำแข็งเกล็ด', '100', 'กระสอบ'),
(00000000268, 0010, 00008, 0000000075, NULL, 'น้ำแข็งหลอดเล็ก', '0', 'กระสอบ'),
(00000000269, 0011, 00008, 0000000075, NULL, 'น้ำแข็งก้อน', '0', 'ก้อน'),
(00000000270, 0013, 00008, 0000000075, NULL, 'น้ำแข็งก้อนใหญ่', '0', 'ก้อน'),
(00000000271, 0014, 00008, 0000000075, NULL, 'หลอดโม่', '100', 'กระสอบ'),
(00000000272, 0016, 00008, 0000000075, NULL, 'น้ำเเข็งหลอดใหญ่', '0', 'กระสอบ'),
(00000000273, 0009, 00001, 0000000076, NULL, 'น้ำแข็งเกล็ด', '0', 'กระสอบ'),
(00000000274, 0010, 00001, 0000000076, NULL, 'น้ำแข็งหลอดเล็ก', '100', 'กระสอบ'),
(00000000275, 0011, 00001, 0000000076, NULL, 'น้ำแข็งก้อน', '100', 'ก้อน'),
(00000000276, 0013, 00001, 0000000076, NULL, 'น้ำแข็งก้อนใหญ่', '0', 'ก้อน'),
(00000000277, 0014, 00001, 0000000076, NULL, 'หลอดโม่', '0', 'กระสอบ'),
(00000000278, 0016, 00001, 0000000076, NULL, 'น้ำเเข็งหลอดใหญ่', '100', 'กระสอบ'),
(00000000279, 0016, 00000, 0000000077, 0000000031, 'น้ำเเข็งหลอดใหญ่', '20', ''),
(00000000280, 0013, 00000, 0000000077, 0000000031, 'น้ำแข็งก้อนใหญ่', '10', ''),
(00000000281, 0009, 00008, 0000000078, NULL, 'น้ำแข็งเกล็ด', '100', 'กระสอบ'),
(00000000282, 0010, 00008, 0000000078, NULL, 'น้ำแข็งหลอดเล็ก', '100', 'กระสอบ'),
(00000000283, 0011, 00008, 0000000078, NULL, 'น้ำแข็งก้อน', '0', 'ก้อน'),
(00000000284, 0013, 00008, 0000000078, NULL, 'น้ำแข็งก้อนใหญ่', '0', 'ก้อน'),
(00000000285, 0014, 00008, 0000000078, NULL, 'หลอดโม่', '0', 'กระสอบ'),
(00000000286, 0016, 00008, 0000000078, NULL, 'น้ำเเข็งหลอดใหญ่', '0', 'กระสอบ'),
(00000000287, 0009, 00001, 0000000079, NULL, 'น้ำแข็งเกล็ด', '0', 'กระสอบ'),
(00000000288, 0010, 00001, 0000000079, NULL, 'น้ำแข็งหลอดเล็ก', '0', 'กระสอบ'),
(00000000289, 0011, 00001, 0000000079, NULL, 'น้ำแข็งก้อน', '0', 'ก้อน'),
(00000000290, 0013, 00001, 0000000079, NULL, 'น้ำแข็งก้อนใหญ่', '50', 'ก้อน'),
(00000000291, 0014, 00001, 0000000079, NULL, 'หลอดโม่', '0', 'กระสอบ'),
(00000000292, 0016, 00001, 0000000079, NULL, 'น้ำเเข็งหลอดใหญ่', '50', 'กระสอบ'),
(00000000293, 0009, 00001, 0000000080, NULL, 'น้ำแข็งเกล็ด', '0', 'กระสอบ'),
(00000000294, 0010, 00001, 0000000080, NULL, 'น้ำแข็งหลอดเล็ก', '0', 'กระสอบ'),
(00000000295, 0011, 00001, 0000000080, NULL, 'น้ำแข็งก้อน', '100', 'ก้อน'),
(00000000296, 0013, 00001, 0000000080, NULL, 'น้ำแข็งก้อนใหญ่', '50', 'ก้อน'),
(00000000297, 0014, 00001, 0000000080, NULL, 'หลอดโม่', '0', 'กระสอบ'),
(00000000298, 0016, 00001, 0000000080, NULL, 'น้ำเเข็งหลอดใหญ่', '50', 'กระสอบ'),
(00000000299, 0016, 00000, 0000000081, 0000000032, 'น้ำเเข็งหลอดใหญ่', '10', ''),
(00000000300, 0013, 00000, 0000000081, 0000000032, 'น้ำแข็งก้อนใหญ่', '20', ''),
(00000000301, 0014, 00000, 0000000082, 0000000033, 'หลอดโม่', '20', ''),
(00000000302, 0009, 00000, 0000000082, 0000000033, 'น้ำแข็งเกล็ด', '10', ''),
(00000000303, 0011, 00000, 0000000082, 0000000033, 'น้ำแข็งก้อน', '15', ''),
(00000000304, 0010, 00000, 0000000082, 0000000033, 'น้ำแข็งหลอดเล็ก', '10', ''),
(00000000305, 0013, 00000, 0000000083, 0000000034, 'น้ำแข็งก้อนใหญ่', '20', ''),
(00000000306, 0009, 00008, 0000000084, NULL, 'น้ำแข็งเกล็ด', '0', 'กระสอบ'),
(00000000307, 0010, 00008, 0000000084, NULL, 'น้ำแข็งหลอดเล็ก', '0', 'กระสอบ'),
(00000000308, 0011, 00008, 0000000084, NULL, 'น้ำแข็งก้อน', '50', 'ก้อน'),
(00000000309, 0013, 00008, 0000000084, NULL, 'น้ำแข็งก้อนใหญ่', '50', 'ก้อน'),
(00000000310, 0014, 00008, 0000000084, NULL, 'หลอดโม่', '0', 'กระสอบ'),
(00000000311, 0016, 00008, 0000000084, NULL, 'น้ำเเข็งหลอดใหญ่', '50', 'กระสอบ'),
(00000000312, 0009, 00013, 0000000085, NULL, 'น้ำแข็งเกล็ด', '0', 'กระสอบ'),
(00000000313, 0010, 00013, 0000000085, NULL, 'น้ำแข็งหลอดเล็ก', '0', 'กระสอบ'),
(00000000314, 0011, 00013, 0000000085, NULL, 'น้ำแข็งก้อน', '0', 'ก้อน'),
(00000000315, 0013, 00013, 0000000085, NULL, 'น้ำแข็งก้อนใหญ่', '0', 'ก้อน'),
(00000000316, 0014, 00013, 0000000085, NULL, 'หลอดโม่', '50', 'กระสอบ'),
(00000000317, 0016, 00013, 0000000085, NULL, 'น้ำเเข็งหลอดใหญ่', '0', 'กระสอบ'),
(00000000318, 0009, 00008, 0000000086, NULL, 'น้ำแข็งเกล็ด', '0', 'กระสอบ'),
(00000000319, 0010, 00008, 0000000086, NULL, 'น้ำแข็งหลอดเล็ก', '0', 'กระสอบ'),
(00000000320, 0011, 00008, 0000000086, NULL, 'น้ำแข็งก้อน', '0', 'ก้อน'),
(00000000321, 0013, 00008, 0000000086, NULL, 'น้ำแข็งก้อนใหญ่', '0', 'ก้อน'),
(00000000322, 0014, 00008, 0000000086, NULL, 'หลอดโม่', '50', 'กระสอบ'),
(00000000323, 0016, 00008, 0000000086, NULL, 'น้ำเเข็งหลอดใหญ่', '100', 'กระสอบ'),
(00000000330, 0009, 00013, 0000000088, NULL, 'น้ำแข็งเกล็ด', '0', 'กระสอบ'),
(00000000331, 0010, 00013, 0000000088, NULL, 'น้ำแข็งหลอดเล็ก', '0', 'กระสอบ'),
(00000000332, 0011, 00013, 0000000088, NULL, 'น้ำแข็งก้อน', '0', 'ก้อน'),
(00000000333, 0013, 00013, 0000000088, NULL, 'น้ำแข็งก้อนใหญ่', '0', 'ก้อน'),
(00000000334, 0014, 00013, 0000000088, NULL, 'หลอดโม่', '20', 'กระสอบ'),
(00000000335, 0016, 00013, 0000000088, NULL, 'น้ำเเข็งหลอดใหญ่', '10', 'กระสอบ'),
(00000000336, 0016, 00000, 0000000089, 0000000039, 'น้ำเเข็งหลอดใหญ่', '1', ''),
(00000000337, 0013, 00000, 0000000089, 0000000039, 'น้ำแข็งก้อนใหญ่', '1', ''),
(00000000338, 0010, 00000, 0000000090, 0000000040, 'น้ำแข็งหลอดเล็ก', '1', ''),
(00000000339, 0009, 00000, 0000000090, 0000000040, 'น้ำแข็งเกล็ด', '1', ''),
(00000000340, 0009, 00000, 0000000091, 0000000038, 'น้ำแข็งเกล็ด', '1', ''),
(00000000341, 0010, 00000, 0000000091, 0000000038, 'น้ำแข็งหลอดเล็ก', '1', ''),
(00000000342, 0013, 00000, 0000000091, 0000000038, 'น้ำแข็งก้อนใหญ่', '1', ''),
(00000000343, 0016, 00000, 0000000092, 0000000041, 'น้ำเเข็งหลอดใหญ่', '10', ''),
(00000000344, 0014, 00000, 0000000092, 0000000041, 'หลอดโม่', '20', ''),
(00000000345, 0009, 00013, 0000000093, NULL, 'น้ำแข็งเกล็ด', '5', 'กระสอบ'),
(00000000346, 0010, 00013, 0000000093, NULL, 'น้ำแข็งหลอดเล็ก', '0', 'กระสอบ'),
(00000000347, 0011, 00013, 0000000093, NULL, 'น้ำแข็งก้อน', '0', 'ก้อน'),
(00000000348, 0013, 00013, 0000000093, NULL, 'น้ำแข็งก้อนใหญ่', '0', 'ก้อน'),
(00000000349, 0014, 00013, 0000000093, NULL, 'หลอดโม่', '0', 'กระสอบ'),
(00000000350, 0016, 00013, 0000000093, NULL, 'น้ำเเข็งหลอดใหญ่', '0', 'กระสอบ'),
(00000000351, 0009, 00013, 0000000094, NULL, 'น้ำแข็งเกล็ด', '5', 'กระสอบ'),
(00000000352, 0010, 00013, 0000000094, NULL, 'น้ำแข็งหลอดเล็ก', '10', 'กระสอบ'),
(00000000353, 0011, 00013, 0000000094, NULL, 'น้ำแข็งก้อน', '15', 'ก้อน'),
(00000000354, 0013, 00013, 0000000094, NULL, 'น้ำแข็งก้อนใหญ่', '20', 'ก้อน'),
(00000000355, 0014, 00013, 0000000094, NULL, 'หลอดโม่', '0', 'กระสอบ'),
(00000000356, 0016, 00013, 0000000094, NULL, 'น้ำเเข็งหลอดใหญ่', '0', 'กระสอบ'),
(00000000357, 0009, 00013, 0000000095, NULL, 'น้ำแข็งเกล็ด', '5', 'กระสอบ'),
(00000000358, 0010, 00013, 0000000095, NULL, 'น้ำแข็งหลอดเล็ก', '0', 'กระสอบ'),
(00000000359, 0011, 00013, 0000000095, NULL, 'น้ำแข็งก้อน', '5', 'ก้อน'),
(00000000360, 0013, 00013, 0000000095, NULL, 'น้ำแข็งก้อนใหญ่', '0', 'ก้อน'),
(00000000361, 0014, 00013, 0000000095, NULL, 'หลอดโม่', '0', 'กระสอบ'),
(00000000362, 0016, 00013, 0000000095, NULL, 'น้ำเเข็งหลอดใหญ่', '0', 'กระสอบ'),
(00000000363, 0011, 00000, 0000000096, 0000000043, 'น้ำแข็งก้อน', '1', ''),
(00000000364, 0010, 00000, 0000000096, 0000000043, 'น้ำแข็งหลอดเล็ก', '1', ''),
(00000000365, 0009, 00013, 0000000097, NULL, 'น้ำแข็งเกล็ด', '0', 'กระสอบ'),
(00000000366, 0010, 00013, 0000000097, NULL, 'น้ำแข็งหลอดเล็ก', '0', 'กระสอบ'),
(00000000367, 0011, 00013, 0000000097, NULL, 'น้ำแข็งก้อน', '0', 'ก้อน'),
(00000000368, 0013, 00013, 0000000097, NULL, 'น้ำแข็งก้อนใหญ่', '0', 'ก้อน'),
(00000000369, 0014, 00013, 0000000097, NULL, 'หลอดโม่', '0', 'กระสอบ'),
(00000000370, 0016, 00013, 0000000097, NULL, 'น้ำเเข็งหลอดใหญ่', '6', 'กระสอบ'),
(00000000377, 0009, 00013, 0000000099, NULL, 'น้ำแข็งเกล็ด', '0', 'กระสอบ'),
(00000000378, 0010, 00013, 0000000099, NULL, 'น้ำแข็งหลอดเล็ก', '0', 'กระสอบ'),
(00000000379, 0011, 00013, 0000000099, NULL, 'น้ำแข็งก้อน', '0', 'ก้อน'),
(00000000380, 0013, 00013, 0000000099, NULL, 'น้ำแข็งก้อนใหญ่', '1', 'ก้อน'),
(00000000381, 0014, 00013, 0000000099, NULL, 'หลอดโม่', '70', 'กระสอบ'),
(00000000382, 0016, 00013, 0000000099, NULL, 'น้ำเเข็งหลอดใหญ่', '5', 'กระสอบ');

-- --------------------------------------------------------

--
-- Table structure for table `stock_detail`
--

CREATE TABLE `stock_detail` (
  `stock_detail_id` int(10) UNSIGNED ZEROFILL NOT NULL,
  `stock_detail_status` varchar(45) DEFAULT NULL,
  `stock_detail_date` varchar(45) DEFAULT NULL
) ENGINE=InnoDB DEFAULT CHARSET=utf8;

--
-- Dumping data for table `stock_detail`
--

INSERT INTO `stock_detail` (`stock_detail_id`, `stock_detail_status`, `stock_detail_date`) VALUES
(0000000059, 'รับสินค้าเข้าคลังเเล้ว', '2018-02-08 22:26:22'),
(0000000061, 'รับสินค้าเข้าคลังเเล้ว', '2018-02-09 09:42:55'),
(0000000064, 'รับสินค้าเข้าคลังเเล้ว', '2018-02-09 11:24:41'),
(0000000065, 'รับสินค้าเข้าคลังเเล้ว', '2018-02-09 19:00:33'),
(0000000066, 'รับสินค้าเข้าคลังเเล้ว', '2018-02-10 10:00:00'),
(0000000068, 'รับสินค้าเข้าคลังเเล้ว', '2018-02-10 11:57:48'),
(0000000069, 'รับสินค้าเข้าคลังเเล้ว', '2018-02-11 11:05:12'),
(0000000070, 'รับสินค้าเข้าคลังเเล้ว', '2018-02-11 11:07:18'),
(0000000071, 'รับสินค้าเข้าคลังเเล้ว', '2018-02-11 11:33:03'),
(0000000072, 'รับสินค้าเข้าคลังเเล้ว', '2018-02-11 11:39:18'),
(0000000075, 'รับสินค้าเข้าคลังเเล้ว', '2018-02-11 20:03:15'),
(0000000076, 'รับสินค้าเข้าคลังเเล้ว', '2018-02-11 20:04:06'),
(0000000077, 'รับสินค้าเข้าคลังเเล้ว', '2018-02-11 20:21:04'),
(0000000078, 'รับสินค้าเข้าคลังเเล้ว', '2018-02-12 19:48:18'),
(0000000079, 'รับสินค้าเข้าคลังเเล้ว', '2018-02-14 10:22:48'),
(0000000080, 'รับสินค้าเข้าคลังเเล้ว', '2018-02-14 10:24:07'),
(0000000081, 'รับสินค้าเข้าคลังเเล้ว', '2018-02-14 10:39:52'),
(0000000082, 'รับสินค้าเข้าคลังเเล้ว', '2018-02-14 13:45:07'),
(0000000083, 'รับสินค้าเข้าคลังเเล้ว', '2018-02-14 13:45:15'),
(0000000084, 'รับสินค้าเข้าคลังเเล้ว', '2018-02-15 18:07:16'),
(0000000085, 'รับสินค้าเข้าคลังเเล้ว', '2018-02-16 12:18:48'),
(0000000086, 'รับสินค้าเข้าคลังเเล้ว', '2018-02-16 14:45:31'),
(0000000088, 'รับสินค้าเข้าคลังเเล้ว', '2018-02-17 16:05:24'),
(0000000089, 'รับสินค้าเข้าคลังเเล้ว', '2018-02-18 11:05:09'),
(0000000090, 'รับสินค้าเข้าคลังเเล้ว', '2018-02-18 11:05:10'),
(0000000091, 'รับสินค้าเข้าคลังเเล้ว', '2018-02-18 11:05:11'),
(0000000092, 'รับสินค้าเข้าคลังเเล้ว', '2018-02-21 13:28:00'),
(0000000093, 'รับสินค้าเข้าคลังเเล้ว', '2018-02-21 13:28:02'),
(0000000094, 'รับสินค้าเข้าคลังเเล้ว', '2018-02-21 13:19:14'),
(0000000095, 'รับสินค้าเข้าคลังเเล้ว', '2018-02-21 13:22:31'),
(0000000096, 'รับสินค้าเข้าคลังเเล้ว', '2018-02-21 13:28:03'),
(0000000097, 'รับสินค้าเข้าคลังเเล้ว', '2018-02-22 12:11:40'),
(0000000099, 'รับสินค้าเข้าคลังเเล้ว', '2018-02-27 13:51:27');

-- --------------------------------------------------------

--
-- Table structure for table `users`
--

CREATE TABLE `users` (
  `user_id` int(5) UNSIGNED ZEROFILL NOT NULL,
  `username` varchar(50) COLLATE utf8_unicode_ci NOT NULL,
  `employee_id` int(5) UNSIGNED ZEROFILL DEFAULT NULL,
  `customer_id` int(11) UNSIGNED ZEROFILL DEFAULT NULL,
  `password` varchar(20) COLLATE utf8_unicode_ci NOT NULL,
  `user_type` varchar(20) COLLATE utf8_unicode_ci NOT NULL,
  `user_date` datetime NOT NULL
) ENGINE=InnoDB DEFAULT CHARSET=utf8 COLLATE=utf8_unicode_ci;

--
-- Dumping data for table `users`
--

INSERT INTO `users` (`user_id`, `username`, `employee_id`, `customer_id`, `password`, `user_type`, `user_date`) VALUES
(00001, 'emp_store1', 00001, NULL, '123456', 'emp_store', '0000-00-00 00:00:00'),
(00009, 'customer1', NULL, 00000000010, '123456', 'customers', '2017-11-27 10:23:54'),
(00010, 'emp_sale', 00000, NULL, '123456', 'admin', '2017-11-27 09:14:23'),
(00012, 'emp_produce', 00003, NULL, '123456', 'emp_produce', '0000-00-00 00:00:00'),
(00018, 'manager', 00004, NULL, '123456', 'manager', '0000-00-00 00:00:00'),
(00020, 'emp_sell', 00006, NULL, '123456', 'emp_sale', '0000-00-00 00:00:00'),
(00021, 'emp_account', 00005, NULL, '123456', 'emp_account', '0000-00-00 00:00:00'),
(00022, 'emp_store', 00008, NULL, '123456', 'emp_store', '0000-00-00 00:00:00'),
(00028, 'customer2', NULL, 00000000016, '123456', 'customers', '2018-02-11 11:56:12'),
(00030, 'emp_account1', 00011, NULL, '123456', 'emp_account', '0000-00-00 00:00:00'),
(00035, 'manager2', 00012, NULL, '123456', 'manager', '0000-00-00 00:00:00'),
(00036, 'admin1', 00013, NULL, 'admin1', 'admin', '0000-00-00 00:00:00');

-- --------------------------------------------------------

--
-- Table structure for table `worktime`
--

CREATE TABLE `worktime` (
  `Worktime_id` int(10) UNSIGNED ZEROFILL NOT NULL,
  `employee_id` int(5) UNSIGNED ZEROFILL NOT NULL,
  `Worktime_time_in` time DEFAULT NULL,
  `Worktime_time_out` time DEFAULT NULL,
  `date` date NOT NULL
) ENGINE=InnoDB DEFAULT CHARSET=utf8 COLLATE=utf8_unicode_ci;

--
-- Dumping data for table `worktime`
--

INSERT INTO `worktime` (`Worktime_id`, `employee_id`, `Worktime_time_in`, `Worktime_time_out`, `date`) VALUES
(0000000027, 00004, '06:59:16', '17:08:27', '2018-02-09'),
(0000000028, 00005, '06:59:28', '17:08:30', '2018-02-09'),
(0000000029, 00006, '06:59:30', '17:08:34', '2018-02-09'),
(0000000032, 00001, '09:49:06', '19:25:45', '2018-02-10'),
(0000000033, 00003, '09:49:20', '19:25:49', '2018-02-10'),
(0000000034, 00004, '09:49:25', '19:25:49', '2018-02-10'),
(0000000035, 00005, '09:49:27', '19:25:51', '2018-02-10'),
(0000000036, 00006, '09:49:34', '19:25:51', '2018-02-10'),
(0000000037, 00008, '10:03:17', '19:25:53', '2018-02-10'),
(0000000038, 00009, '10:03:20', '19:25:54', '2018-02-10'),
(0000000039, 00008, '09:22:55', '18:44:30', '2018-02-12'),
(0000000040, 00006, '09:22:59', '18:44:25', '2018-02-12'),
(0000000041, 00005, '09:23:02', '18:44:22', '2018-02-12'),
(0000000042, 00004, '09:23:03', '18:44:11', '2018-02-12'),
(0000000043, 00003, '09:23:07', '18:44:09', '2018-02-12'),
(0000000044, 00001, '08:51:28', '18:38:21', '2018-02-13'),
(0000000045, 00003, '08:51:29', '18:38:24', '2018-02-13'),
(0000000046, 00004, '08:51:30', '18:38:26', '2018-02-13'),
(0000000047, 00005, '08:51:32', '18:38:26', '2018-02-13'),
(0000000048, 00006, '08:51:33', '18:38:27', '2018-02-13'),
(0000000049, 00008, '08:51:35', '18:38:12', '2018-02-13'),
(0000000050, 00009, '08:51:36', '18:38:30', '2018-02-13'),
(0000000051, 00010, '08:51:37', '18:38:31', '2018-02-13'),
(0000000052, 00001, '08:57:25', '18:06:04', '2018-02-14'),
(0000000053, 00003, '08:57:29', '18:06:06', '2018-02-14'),
(0000000054, 00004, '08:57:30', '18:06:07', '2018-02-14'),
(0000000055, 00005, '08:57:32', '18:06:08', '2018-02-14'),
(0000000056, 00006, '08:57:33', '18:06:09', '2018-02-14'),
(0000000057, 00008, '08:57:36', '18:06:11', '2018-02-14'),
(0000000058, 00009, '08:57:42', '18:06:12', '2018-02-14'),
(0000000059, 00010, '08:57:44', '18:05:53', '2018-02-14'),
(0000000060, 00001, '08:56:04', '17:23:21', '2018-02-15'),
(0000000061, 00003, '08:56:05', '17:23:23', '2018-02-15'),
(0000000062, 00004, '08:56:07', '17:23:28', '2018-02-15'),
(0000000063, 00008, '08:56:12', '17:23:38', '2018-02-15'),
(0000000064, 00009, '08:56:14', '17:23:40', '2018-02-15'),
(0000000065, 00010, '08:56:16', '17:23:41', '2018-02-15'),
(0000000066, 00001, '08:54:40', NULL, '2018-02-16'),
(0000000067, 00003, '08:54:42', NULL, '2018-02-16'),
(0000000068, 00004, '08:54:44', NULL, '2018-02-16'),
(0000000069, 00005, '08:54:45', NULL, '2018-02-16'),
(0000000070, 00006, '08:54:47', NULL, '2018-02-16'),
(0000000071, 00008, '08:54:50', NULL, '2018-02-16'),
(0000000072, 00009, '08:54:52', NULL, '2018-02-16'),
(0000000073, 00010, '08:54:54', NULL, '2018-02-16'),
(0000000074, 00001, '10:56:07', NULL, '2018-02-17'),
(0000000075, 00004, '09:06:10', NULL, '2018-02-19'),
(0000000076, 00001, '09:31:54', NULL, '2018-02-19'),
(0000000077, 00003, '09:31:59', NULL, '2018-02-19'),
(0000000078, 00005, '09:32:05', NULL, '2018-02-19');

--
-- Indexes for dumped tables
--

--
-- Indexes for table `absence`
--
ALTER TABLE `absence`
  ADD PRIMARY KEY (`absence_id`),
  ADD KEY `fk_absence_employee1_idx` (`employee_id`);

--
-- Indexes for table `account`
--
ALTER TABLE `account`
  ADD PRIMARY KEY (`account_id`),
  ADD KEY `fk_account_salary_month1_idx` (`salaly_id`),
  ADD KEY `fk_account_debtor1_idx` (`debtor_id`),
  ADD KEY `fk_account_sell1_idx` (`sell_id`);

--
-- Indexes for table `contact`
--
ALTER TABLE `contact`
  ADD PRIMARY KEY (`contact_id`);

--
-- Indexes for table `customers`
--
ALTER TABLE `customers`
  ADD PRIMARY KEY (`customer_id`);

--
-- Indexes for table `debtor`
--
ALTER TABLE `debtor`
  ADD PRIMARY KEY (`debtor_id`),
  ADD KEY `fk_debtor_customers1_idx` (`customer_id`),
  ADD KEY `fk_debtor_sell1_idx` (`sell_id`);

--
-- Indexes for table `department`
--
ALTER TABLE `department`
  ADD PRIMARY KEY (`department_id`);

--
-- Indexes for table `employee`
--
ALTER TABLE `employee`
  ADD PRIMARY KEY (`employee_id`),
  ADD KEY `fk_employee_department_idx` (`department`);

--
-- Indexes for table `order`
--
ALTER TABLE `order`
  ADD PRIMARY KEY (`order_id`),
  ADD KEY `fk_customers_has_product_product2_idx` (`product_id`),
  ADD KEY `fk_customers_has_product_customers2_idx` (`customer_id`),
  ADD KEY `fk_order_order_detail1_idx` (`order_detail_id`);

--
-- Indexes for table `order_detail`
--
ALTER TABLE `order_detail`
  ADD PRIMARY KEY (`order_detail_id`);

--
-- Indexes for table `product`
--
ALTER TABLE `product`
  ADD PRIMARY KEY (`product_id`);

--
-- Indexes for table `rest_work`
--
ALTER TABLE `rest_work`
  ADD PRIMARY KEY (`rest_id`),
  ADD KEY `fk_rest_work_employee1_idx` (`employee_id`);

--
-- Indexes for table `salary_month`
--
ALTER TABLE `salary_month`
  ADD PRIMARY KEY (`salaly_id`),
  ADD KEY `fk_salary_month_employee1_idx` (`employee_id`);

--
-- Indexes for table `sell`
--
ALTER TABLE `sell`
  ADD PRIMARY KEY (`sell_id`),
  ADD KEY `fk_customers_has_product_product1_idx` (`product_id`),
  ADD KEY `fk_customers_has_product_customers1_idx` (`customer_id`),
  ADD KEY `fk_sell_order1_idx` (`order_id`),
  ADD KEY `fk_sell_sell_detail1_idx` (`sell_detail_id`);

--
-- Indexes for table `sell_detail`
--
ALTER TABLE `sell_detail`
  ADD PRIMARY KEY (`sell_detail_id`);

--
-- Indexes for table `stock`
--
ALTER TABLE `stock`
  ADD PRIMARY KEY (`stock_id`),
  ADD KEY `fk_stock_product1_idx` (`product_id`),
  ADD KEY `fk_stock_employee1_idx` (`employee_id`),
  ADD KEY `fk_stock_order1_idx` (`order_id`),
  ADD KEY `fk_stock_stock_detail1_idx` (`stock_detail_id`);

--
-- Indexes for table `stock_detail`
--
ALTER TABLE `stock_detail`
  ADD PRIMARY KEY (`stock_detail_id`);

--
-- Indexes for table `users`
--
ALTER TABLE `users`
  ADD PRIMARY KEY (`user_id`),
  ADD UNIQUE KEY `username` (`username`),
  ADD KEY `fk_users_employee1_idx` (`employee_id`),
  ADD KEY `fk_users_customers1_idx` (`customer_id`);

--
-- Indexes for table `worktime`
--
ALTER TABLE `worktime`
  ADD PRIMARY KEY (`Worktime_id`),
  ADD KEY `fk_worktime_employee1_idx` (`employee_id`);

--
-- AUTO_INCREMENT for dumped tables
--

--
-- AUTO_INCREMENT for table `absence`
--
ALTER TABLE `absence`
  MODIFY `absence_id` int(10) UNSIGNED ZEROFILL NOT NULL AUTO_INCREMENT, AUTO_INCREMENT=70;
--
-- AUTO_INCREMENT for table `account`
--
ALTER TABLE `account`
  MODIFY `account_id` int(10) UNSIGNED ZEROFILL NOT NULL AUTO_INCREMENT, AUTO_INCREMENT=131;
--
-- AUTO_INCREMENT for table `contact`
--
ALTER TABLE `contact`
  MODIFY `contact_id` int(10) UNSIGNED ZEROFILL NOT NULL AUTO_INCREMENT, AUTO_INCREMENT=5;
--
-- AUTO_INCREMENT for table `customers`
--
ALTER TABLE `customers`
  MODIFY `customer_id` int(11) UNSIGNED ZEROFILL NOT NULL AUTO_INCREMENT, AUTO_INCREMENT=20;
--
-- AUTO_INCREMENT for table `debtor`
--
ALTER TABLE `debtor`
  MODIFY `debtor_id` int(10) UNSIGNED ZEROFILL NOT NULL AUTO_INCREMENT, AUTO_INCREMENT=38;
--
-- AUTO_INCREMENT for table `department`
--
ALTER TABLE `department`
  MODIFY `department_id` int(3) UNSIGNED ZEROFILL NOT NULL AUTO_INCREMENT, AUTO_INCREMENT=7;
--
-- AUTO_INCREMENT for table `employee`
--
ALTER TABLE `employee`
  MODIFY `employee_id` int(5) UNSIGNED ZEROFILL NOT NULL AUTO_INCREMENT, AUTO_INCREMENT=14;
--
-- AUTO_INCREMENT for table `order`
--
ALTER TABLE `order`
  MODIFY `order_id` int(10) UNSIGNED ZEROFILL NOT NULL AUTO_INCREMENT, AUTO_INCREMENT=141;
--
-- AUTO_INCREMENT for table `order_detail`
--
ALTER TABLE `order_detail`
  MODIFY `order_detail_id` int(11) UNSIGNED ZEROFILL NOT NULL AUTO_INCREMENT, AUTO_INCREMENT=44;
--
-- AUTO_INCREMENT for table `product`
--
ALTER TABLE `product`
  MODIFY `product_id` int(4) UNSIGNED ZEROFILL NOT NULL AUTO_INCREMENT, AUTO_INCREMENT=22;
--
-- AUTO_INCREMENT for table `rest_work`
--
ALTER TABLE `rest_work`
  MODIFY `rest_id` int(10) UNSIGNED ZEROFILL NOT NULL AUTO_INCREMENT, AUTO_INCREMENT=32;
--
-- AUTO_INCREMENT for table `salary_month`
--
ALTER TABLE `salary_month`
  MODIFY `salaly_id` int(10) UNSIGNED ZEROFILL NOT NULL AUTO_INCREMENT, AUTO_INCREMENT=26;
--
-- AUTO_INCREMENT for table `sell`
--
ALTER TABLE `sell`
  MODIFY `sell_id` int(11) UNSIGNED ZEROFILL NOT NULL AUTO_INCREMENT, AUTO_INCREMENT=214;
--
-- AUTO_INCREMENT for table `sell_detail`
--
ALTER TABLE `sell_detail`
  MODIFY `sell_detail_id` int(11) UNSIGNED ZEROFILL NOT NULL AUTO_INCREMENT, AUTO_INCREMENT=112;
--
-- AUTO_INCREMENT for table `stock`
--
ALTER TABLE `stock`
  MODIFY `stock_id` int(11) UNSIGNED ZEROFILL NOT NULL AUTO_INCREMENT, AUTO_INCREMENT=383;
--
-- AUTO_INCREMENT for table `stock_detail`
--
ALTER TABLE `stock_detail`
  MODIFY `stock_detail_id` int(10) UNSIGNED ZEROFILL NOT NULL AUTO_INCREMENT, AUTO_INCREMENT=100;
--
-- AUTO_INCREMENT for table `users`
--
ALTER TABLE `users`
  MODIFY `user_id` int(5) UNSIGNED ZEROFILL NOT NULL AUTO_INCREMENT, AUTO_INCREMENT=37;
--
-- AUTO_INCREMENT for table `worktime`
--
ALTER TABLE `worktime`
  MODIFY `Worktime_id` int(10) UNSIGNED ZEROFILL NOT NULL AUTO_INCREMENT, AUTO_INCREMENT=79;
--
-- Constraints for dumped tables
--

--
-- Constraints for table `account`
--
ALTER TABLE `account`
  ADD CONSTRAINT `fk_account_debtor1` FOREIGN KEY (`debtor_id`) REFERENCES `debtor` (`debtor_id`) ON DELETE CASCADE ON UPDATE CASCADE,
  ADD CONSTRAINT `fk_account_salary_month1` FOREIGN KEY (`salaly_id`) REFERENCES `salary_month` (`salaly_id`) ON DELETE CASCADE ON UPDATE CASCADE;
COMMIT;

/*!40101 SET CHARACTER_SET_CLIENT=@OLD_CHARACTER_SET_CLIENT */;
/*!40101 SET CHARACTER_SET_RESULTS=@OLD_CHARACTER_SET_RESULTS */;
/*!40101 SET COLLATION_CONNECTION=@OLD_COLLATION_CONNECTION */;
